Email,Buisness_Name,City,State
email1,business1,city1,state1
email2,business2,city2,state2
email3,business3,city3,state3
email4,business4,city4,state4
email5,business5,city5,state5
email6,business6,city6,state6
email7,business7,city7,state7
email8,business8,city8,state8
email9,business9,city9,state9
email10,business10,city10,state10
email11,business11,city11,state11
email12,business12,city12,state12
email13,business13,city13,state13
email14,business14,city14,state14
email15,business15,city15,state15
email16,business16,city16,state16
email17,business17,city17,state17
email18,business18,city18,state18
email19,business19,city19,state19
email20,business20,city20,state20
email21,business21,city21,state21
email22,business22,city22,state22
email23,business23,city23,state23
email24,business24,city24,state24
email25,business25,city25,state25
email26,business26,city26,state26
email27,business27,city27,state27
email28,business28,city28,state28
email29,business29,city29,state29
email30,business30,city30,state30
email31,business31,city31,state31
email32,business32,city32,state32
email33,business33,city33,state33
email34,business34,city34,state34
email35,business35,city35,state35
email36,business36,city36,state36
email37,business37,city37,state37
email38,business38,city38,state38
email39,business39,city39,state39
email40,business40,city40,state40
email41,business41,city41,state41
email42,business42,city42,state42
email43,business43,city43,state43
email44,business44,city44,state44
email45,business45,city45,state45
email46,business46,city46,state46
email47,business47,city47,state47
email48,business48,city48,state48
email49,business49,city49,state49
email50,business50,city50,state50
email51,business51,city51,state51
email52,business52,city52,state52
email53,business53,city53,state53
email54,business54,city54,state54
email55,business55,city55,state55
email56,business56,city56,state56
email57,business57,city57,state57
email58,business58,city58,state58
email59,business59,city59,state59
email60,business60,city60,state60
email61,business61,city61,state61
email62,business62,city62,state62
email63,business63,city63,state63
email64,business64,city64,state64
email65,business65,city65,state65
email66,business66,city66,state66
email67,business67,city67,state67
email68,business68,city68,state68
email69,business69,city69,state69
email70,business70,city70,state70
email71,business71,city71,state71
email72,business72,city72,state72
email73,business73,city73,state73
email74,business74,city74,state74
email75,business75,city75,state75
email76,business76,city76,state76
email77,business77,city77,state77
email78,business78,city78,state78
email79,business79,city79,state79
email80,business80,city80,state80
email81,business81,city81,state81
email82,business82,city82,state82
email83,business83,city83,state83
email84,business84,city84,state84
email85,business85,city85,state85
email86,business86,city86,state86
email87,business87,city87,state87
email88,business88,city88,state88
email89,business89,city89,state89
email90,business90,city90,state90
email91,business91,city91,state91
email92,business92,city92,state92
email93,business93,city93,state93
email94,business94,city94,state94
email95,business95,city95,state95
email96,business96,city96,state96
email97,business97,city97,state97
email98,business98,city98,state98
email99,business99,city99,state99
email100,business100,city100,state100
email101,business101,city101,state101
email102,business102,city102,state102
email103,business103,city103,state103
email104,business104,city104,state104
email105,business105,city105,state105
email106,business106,city106,state106
email107,business107,city107,state107
email108,business108,city108,state108
email109,business109,city109,state109
email110,business110,city110,state110
email111,business111,city111,state111
email112,business112,city112,state112
email113,business113,city113,state113
email114,business114,city114,state114
email115,business115,city115,state115
email116,business116,city116,state116
email117,business117,city117,state117
email118,business118,city118,state118
email119,business119,city119,state119
email120,business120,city120,state120
email121,business121,city121,state121
email122,business122,city122,state122
email123,business123,city123,state123
email124,business124,city124,state124
email125,business125,city125,state125
email126,business126,city126,state126
email127,business127,city127,state127
email128,business128,city128,state128
email129,business129,city129,state129
email130,business130,city130,state130
email131,business131,city131,state131
email132,business132,city132,state132
email133,business133,city133,state133
email134,business134,city134,state134
email135,business135,city135,state135
email136,business136,city136,state136
email137,business137,city137,state137
email138,business138,city138,state138
email139,business139,city139,state139
email140,business140,city140,state140
email141,business141,city141,state141
email142,business142,city142,state142
email143,business143,city143,state143
email144,business144,city144,state144
email145,business145,city145,state145
email146,business146,city146,state146
email147,business147,city147,state147
email148,business148,city148,state148
email149,business149,city149,state149
email150,business150,city150,state150
email151,business151,city151,state151
email152,business152,city152,state152
email153,business153,city153,state153
email154,business154,city154,state154
email155,business155,city155,state155
email156,business156,city156,state156
email157,business157,city157,state157
email158,business158,city158,state158
email159,business159,city159,state159
email160,business160,city160,state160
email161,business161,city161,state161
email162,business162,city162,state162
email163,business163,city163,state163
email164,business164,city164,state164
email165,business165,city165,state165
email166,business166,city166,state166
email167,business167,city167,state167
email168,business168,city168,state168
email169,business169,city169,state169
email170,business170,city170,state170
email171,business171,city171,state171
email172,business172,city172,state172
email173,business173,city173,state173
email174,business174,city174,state174
email175,business175,city175,state175
email176,business176,city176,state176
email177,business177,city177,state177
email178,business178,city178,state178
email179,business179,city179,state179
email180,business180,city180,state180
email181,business181,city181,state181
email182,business182,city182,state182
email183,business183,city183,state183
email184,business184,city184,state184
email185,business185,city185,state185
email186,business186,city186,state186
email187,business187,city187,state187
email188,business188,city188,state188
email189,business189,city189,state189
email190,business190,city190,state190
email191,business191,city191,state191
email192,business192,city192,state192
email193,business193,city193,state193
email194,business194,city194,state194
email195,business195,city195,state195
email196,business196,city196,state196
email197,business197,city197,state197
email198,business198,city198,state198
email199,business199,city199,state199
email200,business200,city200,state200
